Customer_ID,Age,Annual_Income,Credit_Score,Loan_Amount,Loan_Term,Employment_Type,Marital_Status,Dependents,Has_Credit_Card,Previous_Default,Loan_Default
221958,32,91831,588,42548,36,Self-Employed,Married,4,No,No,0
771155,21,139503,571,41945,60,Unemployed,Divorced,0,No,No,1
231932,46,135760,365,11476,24,Self-Employed,Married,2,Yes,Yes,1
465838,34,121529,782,29565,36,Unemployed,Divorced,4,Yes,No,0
359178,58,147834,547,7382,48,Self-Employed,Single,2,Yes,Yes,1
744167,57,54084,455,27463,36,Salaried,Divorced,4,Yes,Yes,1
210268,31,140387,346,38402,12,Salaried,Divorced,4,Yes,No,0
832180,56,130641,753,31345,24,Self-Employed,Married,0,Yes,No,0
154886,33,125111,500,49764,60,Self-Employed,Divorced,1,No,Yes,1
237337,63,75826,423,31946,12,Unemployed,Single,4,Yes,No,1
621430,23,56451,300,19162,12,Salaried,Single,4,Yes,No,1
187498,53,27227,490,13397,24,Unemployed,Divorced,0,No,Yes,1
999159,26,51910,815,27335,60,Self-Employed,Divorced,1,Yes,Yes,1
275203,30,56041,741,19394,48,Self-Employed,Single,3,Yes,No,0
291335,25,108920,442,32197,60,Unemployed,Married,3,Yes,No,1
378167,43,85681,490,27010,36,Self-Employed,Single,1,Yes,No,0
141090,30,123314,832,29123,12,Salaried,Single,2,No,Yes,0
429365,64,101571,526,27387,36,Unemployed,Divorced,0,Yes,No,1
164820,22,85481,612,7890,48,Salaried,Divorced,1,No,Yes,0
887201,33,88576,601,32769,36,Salaried,Single,3,Yes,Yes,0
421879,60,127958,759,48626,60,Salaried,Married,4,Yes,No,0
818315,22,149265,700,13026,36,Unemployed,Single,3,No,Yes,1
427069,40,147556,692,8306,48,Self-Employed,Single,4,Yes,No,0
876997,21,84174,506,38665,48,Salaried,Married,0,No,No,1
299041,57,46160,509,14277,48,Salaried,Single,4,No,Yes,1
891743,29,135170,414,47239,60,Salaried,Single,1,No,No,0
203355,37,137867,550,19683,48,Self-Employed,Divorced,4,Yes,Yes,1
335796,29,37633,518,5670,12,Self-Employed,Married,2,Yes,Yes,1
314176,31,114880,706,28675,48,Unemployed,Divorced,1,Yes,No,0
284779,35,37014,742,22889,36,Self-Employed,Divorced,0,Yes,No,0
447449,44,100532,653,49535,36,Unemployed,Married,1,No,No,0
521909,58,69104,849,18006,36,Unemployed,Married,2,Yes,No,0
358795,55,61621,441,31531,60,Unemployed,Single,0,Yes,Yes,1
586232,50,97231,800,26639,36,Unemployed,Divorced,3,No,Yes,1
600186,51,88388,846,21633,60,Unemployed,Married,2,No,Yes,1
256730,25,36014,841,39660,60,Salaried,Divorced,0,Yes,No,0
970910,64,112578,806,8439,48,Self-Employed,Divorced,4,No,Yes,0
484681,34,53755,580,37172,12,Salaried,Married,1,No,Yes,1
249503,31,60390,723,40622,48,Unemployed,Single,0,No,No,0
754811,29,43711,569,16577,48,Self-Employed,Divorced,1,No,No,0
627035,54,111658,453,16763,60,Salaried,Married,4,No,No,0
748143,32,77993,382,25176,60,Salaried,Single,0,Yes,Yes,1
552366,55,94696,725,49386,36,Unemployed,Divorced,3,Yes,No,1
165725,55,47213,574,29255,36,Salaried,Married,2,Yes,Yes,1
229981,21,135788,583,46003,48,Salaried,Divorced,0,Yes,Yes,1
184654,60,124956,472,24996,24,Salaried,Married,4,Yes,Yes,1
691723,42,77784,626,40386,24,Salaried,Married,0,Yes,Yes,1
419030,49,27421,362,26062,36,Salaried,Divorced,1,Yes,Yes,1
428947,28,106936,372,40931,24,Unemployed,Divorced,0,No,No,1
655839,31,119073,674,40710,36,Unemployed,Married,3,Yes,Yes,1
373538,61,37727,807,39693,60,Salaried,Single,0,Yes,No,0
431236,57,132418,697,40740,48,Unemployed,Divorced,2,Yes,Yes,1
628178,34,24358,419,16705,12,Unemployed,Married,0,No,Yes,1
665894,50,85108,736,48408,48,Self-Employed,Married,1,Yes,No,0
589492,55,146609,764,33047,36,Salaried,Single,0,Yes,Yes,0
356840,41,114018,585,15966,36,Unemployed,Single,3,No,Yes,1
573254,57,144457,564,22374,48,Unemployed,Single,4,Yes,No,1
449457,25,52117,619,16138,36,Salaried,Divorced,0,Yes,No,0
765987,39,108700,675,20935,24,Self-Employed,Married,0,No,Yes,0
370936,34,51910,388,5489,24,Salaried,Married,2,Yes,Yes,1
339931,46,146888,502,49516,36,Self-Employed,Married,3,No,Yes,1
339629,24,118032,633,27260,36,Salaried,Single,4,Yes,No,0
305041,45,75754,521,31069,24,Salaried,Married,1,Yes,Yes,1
798361,62,82438,340,24275,36,Salaried,Divorced,0,Yes,No,0
831912,45,129847,367,41284,36,Salaried,Single,4,No,No,0
517113,38,49371,813,44178,48,Self-Employed,Single,1,No,Yes,0
168148,60,71501,426,37821,12,Self-Employed,Single,3,No,No,0
877089,28,80946,554,21999,24,Unemployed,Single,3,Yes,Yes,1
748531,59,58467,315,43712,48,Salaried,Divorced,4,Yes,Yes,1
351995,60,37625,776,45172,12,Self-Employed,Married,1,No,No,0
778843,34,53893,361,38722,36,Self-Employed,Divorced,3,No,No,0
672843,52,96329,731,15625,36,Self-Employed,Married,4,Yes,No,0
356508,58,51007,567,6629,48,Salaried,Divorced,3,Yes,No,0
903591,53,111302,334,15973,36,Unemployed,Single,3,Yes,No,1
996942,43,59532,793,11859,60,Self-Employed,Single,3,Yes,No,0
206530,35,74253,768,46609,48,Salaried,Divorced,2,No,Yes,0
704365,53,32323,624,48307,12,Self-Employed,Divorced,1,Yes,Yes,1
922352,45,131335,603,41046,48,Self-Employed,Married,4,Yes,Yes,0
560337,37,132356,575,26839,24,Unemployed,Divorced,4,Yes,No,1
824839,53,130944,500,32216,48,Self-Employed,Divorced,1,Yes,No,1
905889,22,93379,744,23945,36,Self-Employed,Married,1,Yes,No,0
559773,34,34210,623,11539,36,Salaried,Married,1,Yes,Yes,1
308261,60,36456,334,38625,60,Salaried,Married,1,Yes,Yes,1
864469,60,51367,781,9886,60,Unemployed,Divorced,0,No,No,0
441097,59,74624,779,12485,60,Salaried,Married,4,No,No,0
415139,26,30106,364,36455,12,Salaried,Single,0,No,No,1
271829,26,123493,307,21767,60,Unemployed,Single,3,Yes,No,1
371836,23,88008,600,33453,12,Self-Employed,Single,3,No,Yes,1
538974,27,145926,642,15744,60,Unemployed,Divorced,4,Yes,Yes,1
302283,28,135395,730,42102,12,Salaried,Single,3,Yes,Yes,0
296769,62,136492,723,17226,48,Unemployed,Divorced,1,Yes,No,1
661353,35,92240,631,32869,48,Self-Employed,Divorced,0,Yes,Yes,1
323165,49,84315,737,27588,36,Unemployed,Single,1,No,No,0
723587,53,89249,473,18440,12,Salaried,Married,3,Yes,No,1
635822,50,90587,826,36709,24,Salaried,Divorced,0,Yes,No,0
587879,59,30756,325,27495,36,Unemployed,Single,1,No,Yes,1
664685,47,88011,705,42019,48,Self-Employed,Divorced,4,No,Yes,0
882038,56,56378,531,49948,12,Unemployed,Married,1,No,No,1
453531,49,24255,832,5922,60,Self-Employed,Married,3,Yes,Yes,0
363160,58,34484,849,32526,24,Self-Employed,Single,0,No,No,0
679879,53,145703,804,12957,48,Unemployed,Divorced,4,Yes,No,0
320884,57,76549,478,38998,36,Self-Employed,Divorced,0,Yes,No,0
123247,47,54503,431,48395,12,Salaried,Divorced,4,No,Yes,1
124300,53,144465,754,29031,24,Unemployed,Divorced,0,No,Yes,1
567281,24,93794,647,15006,12,Self-Employed,Single,3,No,No,0
707086,42,145941,839,42701,60,Salaried,Married,4,Yes,Yes,0
633556,22,126283,705,30939,36,Unemployed,Single,2,Yes,Yes,1
448951,30,120732,375,25324,12,Salaried,Divorced,0,Yes,Yes,1
374329,25,65113,791,27867,48,Salaried,Divorced,0,Yes,Yes,0
819064,30,125730,493,5203,36,Salaried,Married,1,Yes,No,0
842139,53,94069,461,21544,48,Self-Employed,Divorced,4,Yes,Yes,1
532315,58,118117,646,20899,12,Unemployed,Single,2,No,No,0
616588,33,25249,660,34063,36,Unemployed,Single,3,Yes,No,1
336584,51,145654,386,30344,48,Self-Employed,Married,1,No,Yes,1
662332,56,139979,561,8748,60,Unemployed,Single,2,No,No,1
937646,44,39201,513,44486,60,Salaried,Single,4,No,No,1
476896,35,145541,561,6093,12,Unemployed,Single,2,No,Yes,1
148984,49,78576,582,20228,36,Self-Employed,Single,0,No,No,0
402918,28,138562,766,25884,24,Salaried,Divorced,0,Yes,No,0
364712,25,145281,679,30183,36,Self-Employed,Single,1,Yes,Yes,0
220151,49,29686,661,21034,60,Salaried,Married,4,Yes,Yes,1
555808,24,132413,748,10710,48,Salaried,Married,4,Yes,Yes,1
233767,32,73363,740,47500,24,Unemployed,Single,2,No,Yes,1
748663,22,117543,392,24259,12,Salaried,Married,1,No,Yes,1
803550,47,20661,723,40959,24,Self-Employed,Single,4,No,No,1
236330,51,64843,441,38457,12,Unemployed,Married,0,Yes,No,1
580754,56,115673,590,25143,24,Self-Employed,Married,2,Yes,Yes,1
401648,56,80963,731,7103,12,Salaried,Single,3,Yes,Yes,0
788519,46,133092,348,5365,12,Self-Employed,Single,0,Yes,No,1
113986,63,62828,601,49535,24,Self-Employed,Divorced,1,No,Yes,0
686146,47,68604,489,21103,24,Salaried,Single,4,No,Yes,1
229312,25,30526,435,37510,12,Unemployed,Single,0,Yes,No,1
112666,40,88910,703,29476,60,Self-Employed,Divorced,3,Yes,No,0
400804,31,45592,640,17742,24,Salaried,Single,3,No,No,0
234633,30,48982,617,17391,36,Unemployed,Single,1,No,Yes,1
388998,60,20207,662,41940,48,Unemployed,Divorced,0,No,No,1
950937,58,120969,681,33901,12,Unemployed,Single,2,No,Yes,1
728776,26,137181,532,37001,12,Self-Employed,Single,0,Yes,No,0
807611,28,108733,643,20623,48,Self-Employed,Divorced,3,No,Yes,0
384806,43,118936,848,7378,60,Self-Employed,Divorced,1,No,Yes,1
894824,46,144982,828,26372,48,Unemployed,Married,1,No,Yes,1
130535,63,145839,482,49799,24,Self-Employed,Single,2,No,No,0
475713,32,88619,340,43437,48,Salaried,Married,1,Yes,No,1
938688,46,49328,696,40503,12,Self-Employed,Married,1,Yes,No,0
451279,33,66479,793,35746,48,Self-Employed,Divorced,1,Yes,Yes,1
921654,60,128427,632,32923,36,Unemployed,Single,1,Yes,No,0
701661,38,40103,426,14867,24,Self-Employed,Single,1,Yes,No,0
747972,45,59891,300,46258,48,Salaried,Divorced,3,Yes,Yes,1
589570,53,30754,467,38724,12,Unemployed,Married,0,No,Yes,1
556551,60,119983,318,14306,24,Salaried,Divorced,4,No,No,0
373109,63,101437,631,44391,12,Unemployed,Single,1,No,No,0
124538,32,118540,755,19908,60,Unemployed,Divorced,4,No,No,0
994498,64,92982,408,32081,36,Self-Employed,Single,4,Yes,Yes,1
301664,56,122747,567,42228,60,Salaried,Married,3,No,No,1
591234,24,75922,744,28386,36,Unemployed,Single,1,Yes,Yes,1
999684,25,68231,539,33302,48,Self-Employed,Married,4,No,Yes,1
239182,57,49301,600,24212,24,Unemployed,Married,1,No,No,0
572525,28,111652,402,40618,48,Unemployed,Single,2,No,No,1
258338,62,140787,549,15698,36,Unemployed,Single,2,Yes,Yes,1
284064,48,146823,752,9594,36,Unemployed,Married,2,No,Yes,1
314020,51,82711,819,30525,36,Unemployed,Divorced,4,Yes,No,0
723094,29,61323,452,19282,12,Unemployed,Single,2,Yes,No,1
997421,49,38752,473,19334,24,Self-Employed,Married,3,No,No,1
715270,34,117912,642,34179,48,Unemployed,Married,3,Yes,Yes,1
745914,60,102205,730,11644,48,Salaried,Divorced,4,Yes,Yes,0
219176,61,118452,623,40618,60,Self-Employed,Single,1,No,No,0
318126,42,33395,719,37933,36,Salaried,Married,0,No,Yes,1
318969,31,105957,784,48469,36,Unemployed,Divorced,1,No,Yes,1
222409,43,141237,711,38687,36,Salaried,Married,1,No,No,0
647707,21,76273,383,46073,48,Unemployed,Single,1,No,Yes,1
353618,57,147431,412,22375,60,Unemployed,Divorced,1,No,No,1
869598,41,111878,631,35926,12,Self-Employed,Married,0,Yes,No,0
150015,46,24895,677,41607,24,Self-Employed,Divorced,2,No,Yes,1
872838,56,139968,340,22642,12,Unemployed,Single,1,No,Yes,1
222096,43,135700,404,28993,48,Self-Employed,Divorced,3,Yes,No,0
731347,21,96559,501,49386,36,Salaried,Single,4,No,Yes,1
285340,60,30699,749,26188,24,Self-Employed,Married,4,Yes,No,1
210687,35,85061,565,37596,48,Self-Employed,Single,3,No,Yes,1
974371,41,29715,509,32772,48,Salaried,Married,1,No,Yes,1
511357,29,39169,417,35857,48,Self-Employed,Married,0,Yes,Yes,1
835716,29,145436,676,15776,24,Unemployed,Single,2,No,No,0
205878,30,138413,839,37835,24,Salaried,Married,4,Yes,Yes,0
827270,46,36163,383,14788,60,Unemployed,Divorced,2,No,No,1
298286,61,139264,753,10660,60,Salaried,Married,0,No,No,0
873290,55,25782,813,9478,12,Unemployed,Single,4,Yes,No,1
874684,45,108177,686,13210,24,Unemployed,Divorced,2,No,Yes,1
264899,46,149772,649,15922,24,Self-Employed,Divorced,0,No,No,0
424767,31,144481,595,41289,24,Unemployed,Married,2,Yes,No,1
961882,58,104328,557,38340,60,Self-Employed,Married,1,No,Yes,1
979858,22,135028,380,44850,48,Salaried,Single,0,Yes,No,1
479989,27,55585,567,43163,36,Unemployed,Divorced,2,No,No,1
515515,38,50682,718,23642,60,Unemployed,Single,1,Yes,Yes,1
143585,47,67864,534,16094,24,Salaried,Married,1,No,No,0
471369,54,149992,610,27423,60,Salaried,Divorced,0,Yes,Yes,0
164044,47,104416,656,38418,12,Unemployed,Single,3,Yes,No,0
542296,37,75114,512,10741,24,Salaried,Single,4,No,No,0
209556,63,147810,348,11838,12,Self-Employed,Single,0,No,Yes,1
626981,64,58067,426,8262,24,Salaried,Single,1,Yes,No,0
981691,44,62685,522,9996,60,Salaried,Single,1,No,No,0
867595,45,142262,578,49594,48,Unemployed,Divorced,0,Yes,No,1
300235,27,38073,707,27164,36,Self-Employed,Single,3,No,Yes,1
125939,26,56035,804,40595,12,Salaried,Divorced,4,No,Yes,1
252906,44,84977,593,35257,60,Self-Employed,Single,2,Yes,Yes,1
642335,53,122710,576,19211,48,Self-Employed,Married,0,Yes,Yes,1
388249,49,110373,737,35453,60,Self-Employed,Married,4,No,Yes,0
175766,63,103362,406,10232,12,Unemployed,Single,4,No,No,1
508923,42,110517,719,7217,36,Salaried,Married,1,No,Yes,0
515192,46,85450,728,29229,60,Unemployed,Divorced,2,No,Yes,1
668550,48,30382,674,19232,24,Salaried,Single,0,No,Yes,0
487261,41,24437,372,30613,48,Salaried,Divorced,1,Yes,No,1
910208,27,90971,329,19026,60,Unemployed,Single,1,No,No,1
785440,37,84612,487,33554,48,Self-Employed,Married,3,No,Yes,1
752664,40,110355,663,35908,24,Self-Employed,Divorced,4,Yes,No,0
554589,61,81929,750,24610,36,Salaried,Married,0,Yes,No,0
237848,40,122411,494,44605,36,Unemployed,Married,0,Yes,No,1
717075,42,117518,455,12031,24,Self-Employed,Single,0,No,No,1
227948,48,118864,471,30515,48,Self-Employed,Divorced,1,Yes,Yes,1
679304,60,32329,340,41484,60,Salaried,Married,3,Yes,Yes,1
502690,27,145605,362,41182,24,Salaried,Single,2,Yes,No,0
599046,21,45169,322,5570,12,Unemployed,Single,1,Yes,No,1
551269,52,107468,659,37254,48,Salaried,Single,2,No,No,0
121959,33,54594,374,24288,36,Self-Employed,Married,3,No,No,1
760890,50,96957,417,18288,24,Self-Employed,Single,4,No,Yes,1
850216,43,80631,679,34877,36,Self-Employed,Divorced,0,Yes,No,0
890180,39,65033,589,23889,48,Self-Employed,Divorced,2,Yes,Yes,1
328576,52,83133,739,5917,36,Unemployed,Married,1,Yes,No,0
637833,50,93165,306,15066,24,Unemployed,Divorced,2,Yes,Yes,1
265838,49,93861,495,34504,48,Salaried,Single,4,Yes,No,0
435674,49,72290,720,11982,12,Salaried,Married,0,Yes,Yes,0
979989,50,114031,492,44104,24,Salaried,Single,2,No,Yes,1
161087,36,51750,447,23062,60,Unemployed,Married,4,No,Yes,1
693128,60,115155,501,21999,24,Self-Employed,Married,1,Yes,No,0
218451,39,60461,743,14941,48,Salaried,Single,3,No,Yes,1
547600,38,93800,718,28470,24,Self-Employed,Divorced,1,Yes,No,0
937437,21,98222,726,26133,12,Salaried,Divorced,0,Yes,Yes,1
539792,34,132020,778,49435,12,Salaried,Married,1,No,Yes,1
139353,22,44226,774,9529,60,Salaried,Single,1,Yes,No,0
293075,48,26721,425,22519,36,Salaried,Single,1,No,Yes,1
314283,50,76154,694,17192,48,Salaried,Married,1,Yes,No,0
414877,58,40609,624,13566,48,Self-Employed,Divorced,0,Yes,No,0
165318,24,72130,691,12226,36,Salaried,Single,4,No,No,0
865313,21,92909,739,42930,12,Self-Employed,Divorced,2,Yes,No,0
582690,28,124211,503,26259,12,Unemployed,Divorced,3,Yes,Yes,1
516880,49,75249,785,39087,24,Salaried,Married,2,Yes,Yes,0
691460,59,68895,330,6141,60,Self-Employed,Married,2,No,No,0
840976,23,114473,687,9627,60,Unemployed,Divorced,3,Yes,Yes,1
881239,52,25656,733,7690,60,Unemployed,Single,0,Yes,Yes,1
193264,30,144865,675,45091,24,Unemployed,Single,3,Yes,No,0
870746,30,94520,643,8255,60,Self-Employed,Married,0,No,Yes,0
913168,39,83740,742,10213,36,Salaried,Divorced,2,No,No,0
325281,54,84309,374,41876,24,Salaried,Single,0,No,Yes,1
737147,53,49984,454,24404,36,Self-Employed,Single,4,No,Yes,1
998613,43,138947,729,30380,24,Salaried,Married,3,No,No,0
494070,48,93822,662,30520,60,Self-Employed,Divorced,4,Yes,Yes,1
452228,52,25901,747,24173,36,Salaried,Single,2,No,Yes,1
531839,27,51552,533,28989,36,Unemployed,Married,3,No,No,1
369536,49,111245,561,47570,36,Salaried,Single,2,Yes,Yes,1
417824,28,51055,424,29519,24,Self-Employed,Single,4,No,No,0
357426,21,57685,544,27439,48,Self-Employed,Single,2,Yes,Yes,1
277789,23,93965,841,16413,60,Unemployed,Married,3,No,No,1
613153,44,34716,784,19995,36,Self-Employed,Divorced,3,Yes,No,0
842452,43,134099,421,28559,48,Salaried,Married,2,Yes,No,1
937291,28,31138,424,28513,60,Salaried,Divorced,3,No,No,1
225657,57,55298,848,10021,60,Unemployed,Single,3,No,No,0
335167,23,71112,469,37464,36,Self-Employed,Divorced,2,Yes,Yes,1
781669,53,43429,423,26119,36,Unemployed,Single,4,Yes,Yes,1
580671,48,70200,334,34299,24,Salaried,Single,3,Yes,No,0
819094,28,91308,386,44350,48,Unemployed,Married,3,Yes,Yes,1
170467,54,68244,500,30517,48,Self-Employed,Single,3,Yes,No,0
283734,55,137217,668,18117,36,Unemployed,Married,3,Yes,Yes,1
722794,52,134055,376,27250,60,Self-Employed,Divorced,2,Yes,Yes,1
209751,44,121268,358,23950,36,Self-Employed,Divorced,4,No,No,0
481050,34,125441,730,22359,60,Salaried,Single,4,Yes,No,0
911774,52,37347,799,28596,60,Salaried,Married,0,No,Yes,1
792517,63,36920,408,30530,36,Salaried,Single,3,No,Yes,1
561079,36,51822,577,6262,12,Self-Employed,Married,3,Yes,No,0
468452,24,66659,367,45150,48,Unemployed,Married,0,Yes,Yes,1
206081,57,60108,368,27615,60,Self-Employed,Married,4,No,Yes,1
713333,41,148955,464,8327,60,Salaried,Divorced,1,Yes,No,0
658986,34,109099,788,34768,12,Salaried,Married,1,Yes,Yes,0
210078,51,27967,604,33850,24,Unemployed,Divorced,4,No,No,1
967055,38,130719,664,47788,12,Salaried,Married,3,No,No,0
122671,27,31871,678,21848,12,Salaried,Divorced,1,No,No,0
518400,30,114299,642,44542,60,Salaried,Divorced,2,Yes,Yes,0
455528,27,97452,653,20160,48,Unemployed,Divorced,2,Yes,Yes,1
710490,53,94270,715,38998,12,Self-Employed,Single,0,No,No,0
151663,43,53613,408,32230,24,Salaried,Married,4,Yes,No,0
115708,41,48179,796,14076,36,Unemployed,Single,4,No,Yes,1
978338,39,140465,640,8805,12,Salaried,Married,1,Yes,Yes,0
411955,39,72188,682,36085,12,Unemployed,Married,3,No,Yes,1
233883,56,75099,832,19715,24,Salaried,Single,4,Yes,No,0
418394,49,55262,599,10750,48,Unemployed,Divorced,1,No,No,1
212547,38,98213,438,18232,12,Salaried,Married,1,Yes,Yes,1
659042,22,137407,658,40903,12,Self-Employed,Divorced,4,Yes,Yes,1
851102,21,38268,798,11953,48,Salaried,Single,1,No,Yes,0
862002,25,97866,684,37093,24,Unemployed,Divorced,0,Yes,No,0
242483,40,106269,579,30500,12,Salaried,Married,0,Yes,No,0
758271,31,80545,782,27418,48,Self-Employed,Married,4,No,Yes,0
314835,62,123483,410,39314,12,Salaried,Married,3,Yes,Yes,1
501896,22,112822,438,27449,36,Unemployed,Single,0,Yes,No,1
184896,23,92146,734,22478,60,Unemployed,Married,0,Yes,No,1
577095,43,91966,808,40179,36,Self-Employed,Single,4,No,Yes,0
171295,32,59922,572,30338,12,Unemployed,Divorced,2,No,Yes,1
843974,40,99364,398,31899,24,Salaried,Married,1,No,Yes,1
987121,25,62913,403,9145,60,Salaried,Married,0,No,No,0
373255,57,117033,513,37101,36,Salaried,Married,2,No,Yes,1
399648,58,124792,464,7775,48,Unemployed,Divorced,3,Yes,No,1
757162,50,139425,819,36647,24,Salaried,Married,2,Yes,No,0
108155,29,75677,583,24539,36,Salaried,Single,4,No,Yes,1
566872,54,122154,816,41738,48,Salaried,Divorced,3,Yes,Yes,0
925816,64,69841,463,31616,12,Self-Employed,Divorced,3,Yes,No,0
474705,55,66332,363,19119,48,Unemployed,Divorced,2,Yes,Yes,1
671542,42,112062,390,30159,36,Unemployed,Divorced,4,Yes,No,1
908350,64,139863,416,42099,36,Unemployed,Divorced,0,No,Yes,1
710269,44,115694,566,15295,12,Self-Employed,Single,2,No,Yes,1
654594,37,45032,439,39710,48,Unemployed,Divorced,0,Yes,Yes,1
247718,30,57846,545,29685,48,Self-Employed,Married,2,Yes,Yes,1
408987,50,79474,694,30479,12,Self-Employed,Divorced,0,No,No,0
745263,43,64936,786,38629,48,Unemployed,Divorced,2,Yes,No,0
458745,52,49794,775,47043,12,Salaried,Divorced,3,Yes,No,0
207512,37,81588,816,22033,24,Salaried,Divorced,1,Yes,Yes,0
247443,37,90984,483,41902,36,Unemployed,Divorced,3,No,No,1
570587,34,70331,319,49571,24,Unemployed,Single,0,No,No,1
473616,29,114397,823,20408,60,Self-Employed,Single,4,Yes,No,0
757409,60,48141,828,22420,60,Unemployed,Divorced,3,Yes,Yes,1
786976,22,29074,446,21351,60,Self-Employed,Single,1,Yes,No,1
465871,45,26406,603,9131,12,Unemployed,Married,0,Yes,Yes,1
475037,59,117359,527,49825,48,Salaried,Divorced,3,Yes,Yes,1
907364,29,143279,401,16349,24,Salaried,Married,2,Yes,No,0
217796,42,43291,716,49254,24,Unemployed,Married,4,No,Yes,1
391999,63,61568,515,43225,24,Self-Employed,Divorced,0,No,No,0
292506,24,117539,706,43847,24,Salaried,Married,3,Yes,No,0
798376,46,66851,698,17453,60,Self-Employed,Married,0,No,No,0
369544,49,119942,798,23814,24,Unemployed,Married,2,Yes,No,0
480002,54,74823,764,23263,48,Unemployed,Divorced,1,Yes,No,0
798002,43,43312,381,17158,60,Salaried,Divorced,3,No,Yes,1
639439,57,63108,664,20735,24,Unemployed,Married,0,No,No,0
690978,31,86918,462,20830,12,Salaried,Divorced,0,Yes,Yes,1
628787,26,54171,347,49673,36,Self-Employed,Divorced,0,Yes,No,0
630583,38,61779,810,28926,36,Salaried,Married,1,No,No,0
488215,41,88828,628,39779,36,Salaried,Divorced,0,No,No,0
421184,62,127315,415,8373,60,Self-Employed,Single,4,Yes,Yes,1
898615,56,118723,636,15335,24,Salaried,Divorced,4,Yes,Yes,1
522515,61,32411,446,28741,60,Salaried,Single,0,Yes,Yes,1
768234,58,122821,622,15692,48,Unemployed,Married,4,No,Yes,1
478480,54,137990,742,39057,12,Self-Employed,Divorced,3,Yes,No,0
132711,37,77009,312,6447,12,Salaried,Married,4,No,No,1
891971,57,35422,793,24583,36,Self-Employed,Married,0,Yes,Yes,1
601157,45,62468,586,27765,36,Self-Employed,Married,2,No,Yes,1
284423,58,52371,413,28906,36,Salaried,Married,3,No,Yes,1
616349,32,77022,779,24567,24,Unemployed,Married,1,No,No,0
803714,43,91229,321,19139,48,Self-Employed,Divorced,0,No,Yes,1
757917,62,119071,648,43230,48,Salaried,Single,1,Yes,Yes,0
924792,42,71196,619,24520,48,Self-Employed,Divorced,2,No,No,0
837378,41,100354,425,24702,48,Unemployed,Divorced,1,No,Yes,1
233272,47,116774,576,30566,36,Unemployed,Divorced,0,No,No,1
867836,51,116410,503,12657,12,Unemployed,Divorced,0,Yes,No,1
802335,26,46715,493,42688,36,Salaried,Single,2,Yes,No,0
907789,47,47605,846,35134,48,Salaried,Divorced,0,Yes,No,0
743409,60,119853,585,15345,36,Unemployed,Married,2,Yes,No,1
177505,54,51174,356,46185,48,Salaried,Divorced,2,Yes,Yes,1
102869,32,29956,602,32413,60,Unemployed,Divorced,0,Yes,Yes,1
881474,27,124444,462,10208,12,Salaried,Single,4,No,No,0
554351,30,96373,318,38455,60,Unemployed,Single,2,No,No,1
412252,37,89252,669,33018,24,Self-Employed,Married,0,No,Yes,1
736584,46,81949,563,13080,36,Unemployed,Divorced,4,Yes,Yes,1
718467,41,82646,412,26902,24,Unemployed,Divorced,2,No,No,1
190272,48,90017,787,14486,36,Salaried,Divorced,4,No,Yes,0
138467,22,83037,626,43862,60,Salaried,Married,3,Yes,Yes,1
909760,63,109818,841,26158,48,Salaried,Single,3,No,No,0
977844,21,26548,364,45460,48,Salaried,Married,4,Yes,Yes,1
580047,56,136981,591,48856,36,Salaried,Divorced,2,No,Yes,1
759347,46,123141,324,40871,48,Salaried,Single,0,Yes,Yes,1
158871,49,93294,848,40208,60,Self-Employed,Single,1,Yes,Yes,0
228391,41,129204,300,25519,48,Unemployed,Married,0,Yes,No,1
539430,31,43177,848,36379,60,Unemployed,Single,1,No,Yes,1
710704,60,44022,440,33378,24,Unemployed,Single,1,No,No,1
956703,31,126297,487,44892,60,Self-Employed,Divorced,2,Yes,Yes,1
930496,56,140695,427,19031,12,Unemployed,Divorced,4,Yes,No,1
356687,59,25542,500,19536,12,Self-Employed,Single,0,No,No,0
825451,60,111012,426,5446,12,Self-Employed,Single,4,No,Yes,1
207450,55,116320,556,41683,36,Self-Employed,Married,3,Yes,No,0
271890,54,80428,846,22618,36,Unemployed,Married,2,No,No,1
538741,44,42740,493,11587,36,Self-Employed,Single,2,No,No,0
381974,42,79353,403,36480,60,Unemployed,Divorced,3,No,No,1
500109,25,110353,834,37994,36,Unemployed,Single,0,Yes,No,0
216381,53,133132,564,25527,24,Salaried,Single,3,Yes,Yes,1
573125,56,76532,683,28569,12,Salaried,Divorced,0,No,No,0
671621,40,36052,559,16151,60,Self-Employed,Divorced,1,Yes,No,0
234508,39,120689,713,10558,12,Self-Employed,Married,2,No,Yes,0
829650,55,67076,657,49739,36,Unemployed,Married,0,No,Yes,1
962645,63,73420,374,37954,60,Self-Employed,Married,4,Yes,No,0
499111,37,20671,654,48837,48,Self-Employed,Married,4,Yes,Yes,1
250810,63,20163,487,40303,24,Unemployed,Divorced,2,Yes,Yes,1
392890,54,61424,589,39700,36,Self-Employed,Single,3,No,Yes,1
673665,29,129538,344,32500,36,Self-Employed,Married,3,No,Yes,1
940477,46,73744,382,7032,24,Unemployed,Married,0,Yes,Yes,1
460032,22,90331,422,6252,24,Unemployed,Divorced,3,Yes,Yes,1
469599,29,30634,657,10509,48,Salaried,Divorced,2,Yes,No,0
760960,29,24798,827,42842,36,Unemployed,Single,0,No,No,1
850020,60,42420,365,18900,36,Salaried,Single,1,No,Yes,1
979611,37,137043,674,19523,12,Self-Employed,Divorced,3,No,Yes,0
271836,21,140575,461,6881,60,Unemployed,Married,3,Yes,No,1
829903,45,147158,679,38037,60,Unemployed,Married,0,Yes,Yes,1
145714,63,49300,657,6630,12,Unemployed,Married,4,No,No,1
727234,60,109881,487,25789,60,Self-Employed,Single,3,Yes,Yes,1
996048,62,30749,621,27523,24,Salaried,Married,2,Yes,No,0
730271,45,124131,749,22958,60,Self-Employed,Married,3,Yes,No,0
566960,59,45121,773,48852,60,Self-Employed,Divorced,1,Yes,Yes,0
811851,55,148563,312,6695,12,Unemployed,Married,3,No,Yes,1
224123,23,57487,483,19821,48,Salaried,Divorced,4,Yes,Yes,1
405628,57,113947,410,8262,60,Self-Employed,Married,3,No,Yes,1
182989,64,53361,807,6445,60,Unemployed,Single,0,No,No,1
398356,64,41223,589,21436,48,Self-Employed,Married,3,Yes,Yes,1
929957,50,92930,594,14949,12,Self-Employed,Married,4,No,No,0
278274,58,34056,750,28963,48,Unemployed,Divorced,0,No,Yes,1
787995,54,48380,514,34932,12,Unemployed,Divorced,2,Yes,No,1
425352,32,46035,326,11901,24,Salaried,Divorced,0,No,Yes,1
920260,39,50620,530,38487,12,Self-Employed,Married,1,No,Yes,1
511927,57,39877,620,13597,24,Unemployed,Married,0,No,No,0
889852,64,145481,532,11855,24,Unemployed,Single,2,No,Yes,1
983184,37,75316,736,23678,12,Salaried,Married,3,No,Yes,0
231373,30,84041,832,13263,36,Salaried,Single,0,No,Yes,0
538452,32,128940,702,30805,12,Unemployed,Divorced,0,No,Yes,1
215294,36,137360,352,31143,60,Salaried,Divorced,0,No,Yes,1
559451,44,73352,612,16874,60,Unemployed,Divorced,0,Yes,No,0
748307,39,50911,580,32529,36,Self-Employed,Single,2,Yes,Yes,1
165726,28,52784,330,25866,24,Salaried,Married,4,Yes,No,0
241564,51,23191,636,19079,36,Self-Employed,Divorced,4,No,Yes,0
477812,41,53160,482,12243,60,Self-Employed,Married,0,No,Yes,1
368246,37,110536,322,34872,36,Self-Employed,Married,2,No,No,0
805696,43,124576,843,14018,12,Unemployed,Divorced,2,Yes,No,1
218015,57,84641,745,17100,36,Self-Employed,Single,0,Yes,No,0
840674,36,69723,373,24800,24,Self-Employed,Married,1,Yes,No,0
354079,26,23631,309,31910,12,Self-Employed,Divorced,0,No,No,1
650929,28,26172,783,34437,48,Unemployed,Married,1,Yes,Yes,1
789944,45,62080,755,42588,60,Self-Employed,Married,0,Yes,No,0
788105,38,109097,459,16001,60,Self-Employed,Married,1,No,No,0
613758,45,110353,313,24942,36,Salaried,Married,1,Yes,Yes,1
465890,32,40281,477,25862,12,Unemployed,Married,0,No,Yes,1
545101,35,48671,711,16669,48,Self-Employed,Single,1,Yes,No,0
136631,46,142811,352,20916,12,Salaried,Single,3,No,No,0
866577,61,71431,707,15878,60,Unemployed,Divorced,4,No,No,0
172991,46,110900,321,7985,12,Unemployed,Single,2,No,Yes,1
104014,52,142139,329,37369,48,Unemployed,Single,1,No,No,1
373237,30,127210,559,13112,36,Unemployed,Single,1,No,Yes,1
118070,36,147734,504,46235,24,Unemployed,Married,2,Yes,Yes,1
922209,27,112961,358,23931,12,Unemployed,Married,1,No,Yes,1
156958,37,135463,770,32340,24,Self-Employed,Divorced,2,No,Yes,0
182074,43,48602,765,5336,60,Self-Employed,Divorced,0,No,No,0
635017,46,108789,311,47933,36,Self-Employed,Divorced,3,No,Yes,1
855073,41,71399,589,24363,36,Self-Employed,Married,3,Yes,Yes,1
276089,42,43472,653,8968,12,Salaried,Single,4,No,No,0
297392,27,69230,374,38678,36,Self-Employed,Single,1,Yes,Yes,1
258823,34,93616,740,21279,12,Unemployed,Married,4,No,No,1
730152,35,27099,540,8129,12,Self-Employed,Divorced,0,No,Yes,1
493002,27,138614,453,43215,24,Self-Employed,Divorced,3,Yes,No,1
833429,29,45431,395,43897,36,Unemployed,Divorced,0,Yes,Yes,1
598863,28,76492,593,10850,12,Self-Employed,Married,0,Yes,Yes,1
467654,43,116722,508,25588,24,Self-Employed,Divorced,1,No,No,0
679036,49,67684,642,45214,48,Self-Employed,Divorced,0,Yes,Yes,0
630089,38,50111,387,16949,24,Salaried,Married,3,No,Yes,1
250262,51,125387,689,13519,24,Self-Employed,Single,4,Yes,No,0
542905,50,83936,624,31375,12,Unemployed,Married,3,Yes,Yes,1
335362,59,42614,456,38082,60,Unemployed,Married,1,No,Yes,1
544209,55,112260,436,16737,60,Self-Employed,Married,3,Yes,No,1
653880,38,61991,727,6134,60,Self-Employed,Married,2,Yes,No,0
897079,62,90476,751,15938,24,Self-Employed,Single,4,No,No,0
764076,59,137959,440,29486,12,Unemployed,Divorced,2,No,No,1
319963,37,80920,382,31096,36,Unemployed,Married,2,No,No,1
580761,34,114294,476,46115,24,Salaried,Single,1,Yes,Yes,1
348710,51,83530,497,10592,24,Salaried,Divorced,0,Yes,No,0
320984,44,56224,720,23108,12,Salaried,Divorced,2,Yes,Yes,0
997059,55,27788,700,22270,48,Unemployed,Divorced,3,Yes,No,1
956748,64,48082,770,32649,24,Salaried,Married,0,Yes,Yes,0
882355,54,143287,517,15997,48,Self-Employed,Married,3,No,Yes,1
364512,23,109570,474,38489,48,Self-Employed,Divorced,3,Yes,No,0
701863,57,121015,322,14104,60,Unemployed,Divorced,0,No,Yes,1
368799,63,96816,534,5870,12,Salaried,Divorced,0,Yes,Yes,1
337549,60,103588,312,33684,48,Self-Employed,Divorced,3,No,No,0
694319,46,36531,400,44519,12,Unemployed,Divorced,1,Yes,No,1
584299,43,108340,835,39524,60,Salaried,Divorced,4,Yes,No,0
712210,64,114439,822,35957,12,Self-Employed,Single,4,No,No,0
548982,59,64857,751,38885,24,Salaried,Divorced,1,Yes,Yes,0
224046,35,30142,730,49369,48,Unemployed,Married,0,No,Yes,1
506619,24,135053,832,40596,12,Salaried,Married,3,Yes,Yes,1
132097,49,68355,592,34866,36,Unemployed,Married,4,Yes,Yes,1
766326,42,29866,400,35676,12,Salaried,Divorced,3,No,Yes,1
749150,45,90067,801,18878,48,Self-Employed,Married,1,Yes,Yes,0
330229,33,130990,603,44760,60,Unemployed,Single,3,No,No,1
218834,38,123634,839,32559,60,Unemployed,Divorced,1,Yes,Yes,1
193848,53,123814,654,11771,48,Unemployed,Married,0,Yes,Yes,1
152921,36,145426,602,21526,24,Salaried,Single,1,Yes,Yes,1
805086,62,84027,795,34896,24,Salaried,Single,1,Yes,No,0
750429,64,77906,526,36923,60,Self-Employed,Married,4,Yes,No,0
805660,22,48138,535,41203,60,Unemployed,Single,3,Yes,No,1
384821,55,112601,754,44390,48,Unemployed,Married,4,Yes,No,0
155609,62,49956,312,17852,24,Salaried,Single,2,No,Yes,1
327897,54,127268,509,48391,60,Salaried,Divorced,1,Yes,Yes,1
131024,50,124797,696,6848,24,Self-Employed,Divorced,2,Yes,Yes,0
170313,33,144917,399,36027,60,Self-Employed,Divorced,4,Yes,No,0
489957,33,146303,330,40464,12,Salaried,Divorced,3,No,Yes,1
284078,38,96295,827,39485,36,Unemployed,Divorced,4,No,Yes,1
457429,52,25439,628,24456,12,Self-Employed,Married,3,Yes,Yes,1
561243,52,67241,465,14259,60,Salaried,Divorced,3,Yes,No,0
213632,55,62533,758,40554,36,Salaried,Divorced,0,Yes,No,0
351451,59,48270,399,18409,36,Unemployed,Divorced,1,No,No,1
103051,49,98815,472,8791,60,Salaried,Divorced,4,Yes,Yes,1
804107,49,59279,461,30864,60,Salaried,Single,3,No,Yes,1
476836,64,129787,562,41639,24,Self-Employed,Divorced,4,Yes,Yes,1
711523,36,43888,573,39574,60,Salaried,Divorced,4,No,Yes,1
821772,64,37630,302,22888,48,Salaried,Married,3,No,No,1
289407,30,81063,327,24692,60,Self-Employed,Single,2,Yes,Yes,1
549395,50,138527,625,28501,48,Unemployed,Married,1,Yes,No,0
562894,45,143239,448,18304,60,Unemployed,Divorced,1,Yes,Yes,1
311810,59,147896,839,32527,24,Self-Employed,Married,0,Yes,No,0
827975,40,55144,787,23074,48,Self-Employed,Married,0,Yes,Yes,0
173523,25,72161,737,20549,12,Unemployed,Divorced,0,Yes,Yes,1
860463,21,116718,364,34963,48,Unemployed,Single,1,Yes,No,1
194476,50,145873,655,30920,24,Unemployed,Single,2,No,No,0
333841,23,111074,832,35826,48,Unemployed,Married,1,Yes,Yes,1
903451,34,97360,551,41071,60,Unemployed,Divorced,1,Yes,Yes,1
970045,50,70979,534,21061,60,Self-Employed,Married,1,No,Yes,1
322866,24,117661,526,33810,24,Salaried,Married,1,Yes,No,0
186672,38,26979,824,27800,36,Unemployed,Married,2,Yes,Yes,1
698135,57,46189,612,48423,60,Unemployed,Divorced,0,Yes,No,0
444894,45,62600,348,46692,12,Salaried,Divorced,4,Yes,Yes,1
834994,21,79560,417,14940,24,Salaried,Single,0,No,Yes,1
128251,35,98040,353,8924,48,Salaried,Divorced,0,No,Yes,1
727769,29,143257,343,33054,48,Salaried,Married,4,Yes,Yes,1
474710,35,81558,352,14783,12,Salaried,Married,1,Yes,No,0
650233,44,106205,824,42253,60,Salaried,Single,2,No,No,0
977284,24,26910,401,18233,24,Self-Employed,Divorced,2,Yes,Yes,1
132217,32,77713,697,29484,12,Salaried,Married,0,No,Yes,0
108308,57,66857,437,30068,60,Salaried,Single,4,No,Yes,1
368093,57,54964,686,5191,24,Self-Employed,Single,3,No,No,0
283062,63,105667,410,30074,48,Salaried,Married,1,Yes,Yes,1
494366,26,45227,316,9917,24,Unemployed,Married,0,Yes,No,1
844840,59,25978,481,43599,36,Unemployed,Divorced,2,Yes,No,1
200235,44,107527,835,30832,24,Salaried,Single,4,No,No,0
174740,31,37153,840,47928,36,Self-Employed,Married,4,Yes,No,1
478496,33,79765,470,25706,24,Unemployed,Single,0,Yes,Yes,1
953049,54,119084,708,18682,36,Self-Employed,Divorced,3,No,Yes,0
850201,45,128212,677,31762,48,Unemployed,Married,2,Yes,No,0
903328,27,59071,487,28383,60,Salaried,Divorced,0,Yes,Yes,1
277247,24,132990,529,32796,36,Self-Employed,Single,3,Yes,Yes,1
763165,28,89519,418,28666,36,Self-Employed,Divorced,4,No,Yes,1
629525,40,29503,455,30662,48,Self-Employed,Divorced,1,Yes,No,1
120056,49,80703,764,39642,36,Unemployed,Single,2,No,Yes,1
276615,30,84379,403,46830,12,Unemployed,Divorced,2,No,Yes,1
287628,63,115457,801,42531,48,Unemployed,Single,3,No,Yes,1
738836,54,77866,474,15234,12,Salaried,Married,0,Yes,Yes,1
473632,46,36905,720,14221,48,Unemployed,Single,4,Yes,Yes,1
234415,61,65838,433,16410,36,Salaried,Single,3,Yes,Yes,1
506716,23,145200,690,19519,12,Self-Employed,Married,1,No,Yes,1
546438,26,78279,800,6051,36,Self-Employed,Single,1,No,Yes,0
653663,25,109489,332,49993,48,Salaried,Married,1,Yes,Yes,1
765022,25,46806,354,14765,36,Unemployed,Married,3,No,Yes,1
641252,43,65000,818,16382,12,Salaried,Single,4,Yes,No,0
737717,29,42168,311,17580,12,Self-Employed,Divorced,2,Yes,Yes,1
352764,55,90119,827,37323,36,Self-Employed,Divorced,0,Yes,No,0
814998,40,58714,672,49757,24,Salaried,Married,2,Yes,Yes,0
566882,62,74093,783,16939,48,Unemployed,Divorced,4,Yes,No,0
840427,55,75419,527,34964,48,Unemployed,Divorced,2,Yes,No,1
612153,38,69145,606,5307,36,Salaried,Single,3,Yes,Yes,0
167215,37,125432,756,8359,24,Salaried,Married,1,No,No,0
955474,44,97425,459,34648,12,Unemployed,Married,4,Yes,No,1
244356,23,112949,630,40944,60,Self-Employed,Single,4,No,No,0
303861,52,97811,524,39019,60,Salaried,Divorced,2,No,Yes,1
455612,55,22461,803,43134,36,Unemployed,Married,3,Yes,No,1
554605,58,34291,755,32323,24,Unemployed,Divorced,2,No,No,1
109435,33,66804,344,11226,24,Self-Employed,Married,2,No,Yes,1
547556,45,96971,513,26689,48,Self-Employed,Married,4,No,No,0
799438,29,113471,358,35971,12,Self-Employed,Married,2,Yes,No,0
965264,24,84946,494,30954,24,Self-Employed,Married,1,Yes,No,1
675581,34,118989,788,29423,60,Self-Employed,Divorced,2,Yes,Yes,0
178781,57,104080,456,35391,12,Salaried,Divorced,1,Yes,No,0
291475,54,141719,525,19330,12,Unemployed,Divorced,4,Yes,Yes,1
260196,31,81332,711,9891,36,Salaried,Divorced,3,No,No,0
326507,61,97794,504,9992,24,Salaried,Single,1,No,No,0
406063,23,50841,378,6961,36,Salaried,Married,3,Yes,No,0
864121,48,144447,423,17497,24,Salaried,Married,3,No,No,0
876665,49,140029,770,37551,48,Salaried,Married,1,No,Yes,0
790607,29,68758,517,15848,36,Self-Employed,Single,4,No,No,0
221172,23,134726,815,18255,36,Self-Employed,Divorced,0,No,Yes,1
456902,45,96272,403,9567,60,Unemployed,Married,3,Yes,No,1
584963,54,57643,692,44281,36,Salaried,Divorced,3,Yes,Yes,0
555968,32,70408,733,25389,24,Unemployed,Divorced,4,Yes,No,0
418717,62,63950,630,49523,60,Self-Employed,Single,4,No,No,0
159101,29,76849,442,48919,36,Self-Employed,Single,2,No,Yes,1
595972,35,120500,839,21567,36,Self-Employed,Divorced,4,Yes,Yes,0
388790,60,48044,577,8358,48,Salaried,Married,3,Yes,Yes,1
990617,45,125469,532,27999,36,Salaried,Married,1,No,Yes,1
647337,25,145588,828,47358,12,Self-Employed,Single,0,Yes,No,0
834965,31,35997,389,15988,60,Unemployed,Single,2,Yes,Yes,1
460260,54,99751,791,45446,12,Unemployed,Single,1,No,Yes,1
983811,44,118605,498,36521,60,Self-Employed,Single,0,No,Yes,1
692673,35,43911,661,10698,48,Unemployed,Single,0,Yes,No,0
750419,58,75533,740,6273,36,Self-Employed,Single,0,No,No,0
533374,28,102566,325,32543,36,Unemployed,Single,1,Yes,No,1
820777,25,114870,324,36349,36,Self-Employed,Married,2,No,No,1
647577,46,34571,693,16241,60,Unemployed,Single,2,No,Yes,1
472370,38,128255,806,14497,36,Salaried,Single,0,Yes,No,0
987225,26,149226,600,46875,12,Self-Employed,Married,1,No,Yes,1
371967,57,114463,638,37703,36,Self-Employed,Married,0,Yes,No,0
291232,33,77941,566,49041,48,Unemployed,Divorced,4,No,Yes,1
404119,48,78005,760,36954,12,Self-Employed,Single,2,Yes,Yes,0
109540,25,106250,755,13002,36,Self-Employed,Single,3,No,Yes,0
640652,33,78712,659,9247,36,Self-Employed,Single,0,No,Yes,1
497827,37,63541,367,46988,24,Salaried,Single,4,Yes,Yes,1
651951,60,43387,711,26698,60,Salaried,Divorced,2,No,No,0
151991,52,113980,790,24738,12,Unemployed,Married,1,Yes,Yes,1
288751,49,68908,348,15703,24,Salaried,Married,2,No,Yes,1
466326,23,105457,401,22570,48,Unemployed,Single,1,No,Yes,1
786337,60,33057,515,17392,60,Salaried,Single,1,Yes,Yes,1
718992,54,84028,737,49724,12,Unemployed,Single,0,No,No,0
149115,60,130804,458,37299,36,Salaried,Divorced,0,No,No,1
453151,47,139246,788,20641,12,Salaried,Divorced,2,Yes,Yes,0
843583,33,75731,541,18998,36,Unemployed,Married,4,No,Yes,1
291962,53,44858,304,11305,60,Self-Employed,Single,2,Yes,Yes,1
821747,26,68689,660,37726,36,Self-Employed,Single,3,Yes,Yes,0
249143,44,64638,758,23782,48,Salaried,Single,1,Yes,No,0
814635,39,111598,547,17721,36,Unemployed,Single,1,No,No,1
636226,36,122386,721,44763,48,Self-Employed,Divorced,0,No,Yes,0
453824,60,66486,314,17427,60,Unemployed,Married,4,Yes,Yes,1
104000,48,40567,421,25566,60,Self-Employed,Married,0,No,Yes,1
825948,53,49739,576,7230,12,Unemployed,Divorced,3,Yes,Yes,1
987474,61,77804,752,11511,48,Salaried,Single,2,No,Yes,0
455754,33,128821,689,47229,48,Unemployed,Married,2,Yes,No,0
351492,63,23754,593,31177,24,Self-Employed,Married,4,Yes,No,1
990123,45,47044,745,9765,24,Salaried,Divorced,0,No,Yes,0
599522,62,87260,509,25354,24,Unemployed,Single,0,Yes,No,1
591072,56,86912,601,28929,36,Self-Employed,Married,3,Yes,No,0
138304,47,145623,522,33820,24,Salaried,Single,2,No,No,0
604999,58,28706,302,34523,48,Unemployed,Married,0,Yes,Yes,1
431593,27,28894,817,10552,36,Self-Employed,Divorced,4,Yes,No,0
707274,25,38037,392,5627,60,Unemployed,Single,2,No,No,1
251836,63,103986,819,16989,12,Unemployed,Divorced,3,Yes,Yes,1
208940,51,101942,727,18780,24,Salaried,Married,4,Yes,No,0
924926,43,71612,792,11589,60,Salaried,Divorced,1,Yes,Yes,1
365517,62,49725,534,39812,48,Self-Employed,Divorced,3,Yes,No,0
767521,30,25926,460,33128,12,Salaried,Divorced,4,Yes,Yes,1
721820,52,124555,630,43652,60,Self-Employed,Married,0,Yes,Yes,0
979090,63,29496,632,32790,12,Unemployed,Single,1,Yes,No,1
485777,50,76447,349,45953,24,Unemployed,Divorced,3,Yes,No,1
724674,59,121604,822,5249,48,Self-Employed,Single,0,No,Yes,1
651638,51,49806,791,24309,12,Unemployed,Married,1,Yes,Yes,1
717296,38,108199,571,30901,60,Salaried,Single,2,Yes,No,0
980729,56,61321,551,28576,24,Unemployed,Divorced,0,No,No,1
649639,22,142041,389,36508,24,Salaried,Divorced,4,Yes,No,1
712956,34,122031,745,14175,60,Self-Employed,Divorced,3,Yes,No,0
738873,33,85095,631,30464,60,Self-Employed,Divorced,1,Yes,Yes,0
437497,49,42656,438,21260,12,Unemployed,Divorced,0,Yes,Yes,1
307869,32,75147,656,40440,36,Unemployed,Divorced,2,Yes,Yes,1
165953,59,111396,573,34546,24,Salaried,Married,3,Yes,No,0
943890,22,69666,318,45047,12,Salaried,Married,3,No,No,1
600328,52,102368,610,46430,60,Unemployed,Married,0,No,Yes,1
906790,33,58787,453,6987,12,Unemployed,Single,2,No,Yes,1
103267,47,133767,689,30105,60,Self-Employed,Single,1,No,Yes,0
182745,61,82946,559,17948,48,Self-Employed,Married,0,No,Yes,1
976020,37,41727,424,18026,60,Self-Employed,Single,1,Yes,Yes,1
924945,60,128351,653,7773,60,Unemployed,Single,3,Yes,Yes,1
257164,51,115081,572,14878,60,Unemployed,Divorced,1,Yes,No,1
635626,54,142721,544,47946,36,Unemployed,Divorced,2,Yes,Yes,1
231484,44,130058,749,15377,60,Self-Employed,Single,4,Yes,Yes,0
631831,55,88056,546,12347,24,Unemployed,Single,2,No,Yes,1
992323,26,23081,819,38776,24,Salaried,Married,1,No,Yes,1
160692,39,54196,440,8783,12,Unemployed,Single,0,Yes,Yes,1
320156,50,56735,661,9298,36,Unemployed,Divorced,3,Yes,Yes,1
323992,27,124749,307,9668,12,Unemployed,Single,4,Yes,Yes,1
616771,30,100102,777,25671,24,Unemployed,Married,0,No,No,0
930857,61,99578,651,39820,24,Unemployed,Divorced,0,No,Yes,1
663044,52,45498,794,39484,48,Salaried,Divorced,2,Yes,No,0
643176,54,96865,726,38078,60,Salaried,Divorced,1,No,No,0
791095,48,51656,338,25922,24,Unemployed,Divorced,2,Yes,No,1
933727,35,87695,486,39028,12,Self-Employed,Single,1,No,Yes,1
214352,50,57900,392,25316,12,Unemployed,Married,2,No,Yes,1
969474,57,148392,385,16460,60,Unemployed,Single,0,Yes,Yes,1
185999,49,137235,343,21968,60,Unemployed,Single,3,No,Yes,1
117955,42,104899,436,35266,48,Self-Employed,Divorced,1,No,Yes,1
924273,24,67701,720,35209,36,Self-Employed,Married,4,Yes,Yes,1
170640,40,128777,373,29000,12,Self-Employed,Divorced,4,No,Yes,1
296582,52,39033,847,19011,60,Salaried,Single,0,Yes,Yes,0
844086,56,143193,811,7866,12,Self-Employed,Single,2,No,Yes,0
500573,24,30805,455,10898,60,Salaried,Divorced,2,Yes,Yes,1
525695,47,55851,554,23395,24,Salaried,Single,0,Yes,No,0
161476,37,46832,470,44019,12,Self-Employed,Single,4,No,Yes,1
406955,32,83437,469,42707,24,Self-Employed,Divorced,4,No,Yes,1
267280,42,135725,621,9006,12,Self-Employed,Single,2,Yes,Yes,0
775510,37,33944,755,39393,36,Salaried,Married,1,No,No,0
695468,30,39873,454,15956,48,Unemployed,Divorced,3,No,Yes,1
798646,21,60372,648,35663,24,Self-Employed,Married,1,No,Yes,1
737144,42,109464,750,11078,60,Self-Employed,Single,4,Yes,No,0
954882,46,35379,472,34631,36,Self-Employed,Single,1,Yes,Yes,1
514568,38,137322,309,35140,12,Salaried,Divorced,3,Yes,No,0
286141,34,56751,564,46691,24,Salaried,Single,1,No,No,1
998320,49,120082,737,8961,12,Unemployed,Divorced,1,No,No,0
734736,32,109822,546,34277,12,Self-Employed,Divorced,1,Yes,No,1
638685,56,25110,845,46574,12,Salaried,Divorced,1,Yes,Yes,1
278031,55,74341,798,36417,48,Unemployed,Divorced,0,No,No,0
219180,32,32087,428,27484,48,Self-Employed,Divorced,4,No,No,1
166234,27,43762,626,23103,60,Salaried,Married,3,No,Yes,1
664242,49,135812,703,34345,24,Self-Employed,Divorced,4,No,Yes,1
278352,31,102617,658,44454,36,Self-Employed,Married,0,Yes,Yes,0
179459,53,120483,316,6587,36,Salaried,Single,0,No,No,0
509995,26,29596,573,47571,36,Salaried,Divorced,0,No,Yes,1
295004,35,123555,415,26031,12,Salaried,Single,0,Yes,No,0
566152,52,127539,390,31212,48,Self-Employed,Divorced,1,Yes,No,0
825256,31,38313,381,15350,24,Self-Employed,Married,4,No,Yes,1
159163,43,133175,623,23816,12,Unemployed,Married,2,Yes,Yes,1
575853,46,86549,413,25288,48,Self-Employed,Married,3,No,Yes,1
151934,54,134914,357,34432,48,Salaried,Single,0,No,Yes,1
820255,54,43705,453,49222,24,Self-Employed,Divorced,4,Yes,Yes,1
525523,49,87364,703,11837,24,Unemployed,Single,0,Yes,Yes,1
940530,24,93445,565,39217,24,Unemployed,Married,0,No,No,1
554137,37,123892,614,25884,12,Salaried,Single,0,Yes,No,0
105486,55,98645,340,10454,60,Salaried,Married,0,No,Yes,1
239407,33,22023,404,14424,24,Unemployed,Married,0,No,No,1
973332,61,139654,492,41885,60,Unemployed,Married,3,No,No,1
750308,59,79796,700,46637,12,Unemployed,Divorced,4,Yes,No,1
727083,35,100073,577,48618,60,Salaried,Divorced,0,No,No,0
320184,49,112197,653,23412,36,Unemployed,Married,0,No,No,0
766490,49,84429,555,44613,60,Unemployed,Single,0,No,No,1
449652,31,124195,398,25142,24,Salaried,Single,0,Yes,Yes,1
861315,52,81627,581,42392,12,Self-Employed,Divorced,1,No,Yes,1
742612,22,53848,702,13848,24,Self-Employed,Married,1,No,Yes,0
422710,34,57804,408,18136,36,Unemployed,Single,2,No,No,1
297775,40,35379,498,5589,24,Self-Employed,Married,0,Yes,Yes,1
389336,42,79664,602,25908,24,Self-Employed,Single,2,No,Yes,0
887494,31,47766,626,11509,24,Self-Employed,Divorced,3,No,Yes,1
708364,47,129126,453,45461,48,Self-Employed,Married,2,Yes,No,0
189780,23,88099,704,47222,36,Unemployed,Married,4,Yes,Yes,1
252617,37,56060,761,49476,24,Self-Employed,Single,1,No,No,0
645977,64,114733,431,14968,24,Self-Employed,Single,1,No,Yes,1
897606,48,89122,383,7462,24,Salaried,Single,0,No,Yes,1
450605,49,36087,698,14460,12,Unemployed,Married,0,Yes,Yes,1
989465,41,68868,408,38783,48,Salaried,Divorced,3,Yes,No,0
633636,36,139119,520,14275,12,Salaried,Divorced,3,No,No,0
138102,57,43225,667,33677,48,Unemployed,Single,4,Yes,No,1
174460,40,115286,446,18269,24,Self-Employed,Divorced,0,No,No,0
464778,26,26643,411,5406,36,Salaried,Single,0,No,No,1
189930,39,113059,793,12384,60,Unemployed,Divorced,3,Yes,Yes,1
631089,25,56727,804,27553,60,Self-Employed,Married,3,No,Yes,0
727438,23,31005,774,29366,24,Unemployed,Single,3,Yes,No,1
827627,21,129079,570,49036,12,Salaried,Divorced,1,Yes,No,1
279208,58,85697,720,22369,36,Self-Employed,Married,2,No,Yes,0
254697,35,36029,666,16795,48,Self-Employed,Divorced,2,Yes,No,0
313945,54,135281,579,9485,24,Unemployed,Married,0,No,Yes,1
331915,55,34226,582,46669,36,Self-Employed,Married,1,Yes,No,1
827952,45,83646,339,7618,36,Salaried,Divorced,3,No,Yes,1
308124,44,80603,488,35143,48,Salaried,Divorced,0,No,No,0
537477,32,48731,463,34425,36,Salaried,Married,1,No,No,0
625830,38,129458,835,27673,12,Unemployed,Married,4,Yes,Yes,1
383821,35,130384,835,14603,12,Self-Employed,Married,1,No,Yes,0
277804,64,88926,303,44696,12,Self-Employed,Single,0,Yes,No,0
805703,36,25997,589,10368,36,Self-Employed,Married,2,Yes,No,0
139081,47,75506,732,9621,12,Salaried,Single,3,Yes,Yes,0
818216,28,98229,770,19719,48,Self-Employed,Married,4,Yes,No,0
455249,45,69815,480,34227,36,Salaried,Single,1,Yes,Yes,1
319930,37,62092,547,48894,60,Self-Employed,Married,0,No,Yes,1
905497,49,82539,578,12566,36,Salaried,Married,0,Yes,No,1
617313,28,86077,553,17306,48,Self-Employed,Married,3,No,Yes,1
314532,35,41817,480,29042,60,Unemployed,Divorced,0,No,Yes,1
712380,47,57861,808,20086,36,Unemployed,Divorced,0,Yes,No,1
619332,27,33428,625,22387,12,Salaried,Married,3,No,Yes,1
416837,23,63934,656,32042,24,Salaried,Single,4,No,Yes,1
389106,49,135555,690,28888,24,Self-Employed,Single,2,Yes,Yes,0
128295,64,134367,384,31514,12,Self-Employed,Married,2,No,Yes,1
113807,44,30258,616,23323,24,Unemployed,Divorced,1,Yes,No,1
535564,23,77775,511,23019,24,Self-Employed,Single,4,Yes,Yes,1
257504,40,101580,814,14890,12,Salaried,Divorced,1,Yes,No,0
338067,35,114947,683,45863,12,Salaried,Single,2,No,Yes,0
585008,45,25469,641,15283,36,Salaried,Married,3,No,No,0
792440,50,48854,337,23279,36,Salaried,Divorced,0,No,Yes,1
494540,34,26256,810,27908,12,Salaried,Single,2,No,No,0
977699,27,144086,719,42952,48,Unemployed,Married,4,Yes,Yes,1
617923,37,96256,468,40170,24,Unemployed,Married,2,Yes,Yes,1
266981,64,53937,642,42663,36,Salaried,Married,4,No,Yes,0
844699,40,119134,605,49172,24,Self-Employed,Divorced,4,Yes,Yes,1
119870,56,21651,841,14343,60,Salaried,Divorced,4,No,No,0
303196,29,70288,836,15637,12,Unemployed,Married,1,Yes,No,0
348683,58,104730,411,39724,48,Salaried,Divorced,3,Yes,Yes,1
334677,42,45051,710,44791,60,Unemployed,Single,2,Yes,No,0
126790,22,47386,505,34134,60,Unemployed,Married,3,Yes,Yes,1
743162,44,95054,484,8907,60,Salaried,Married,0,Yes,Yes,1
911721,28,131562,681,38575,12,Salaried,Divorced,2,No,No,0
548345,31,36184,795,9827,36,Self-Employed,Married,3,No,No,0
849074,33,53787,678,35607,12,Unemployed,Single,3,Yes,No,0
587462,37,41621,346,18699,36,Self-Employed,Divorced,0,No,Yes,1
639773,28,95564,827,42292,60,Salaried,Divorced,4,Yes,Yes,1
930914,41,97984,803,30883,60,Unemployed,Married,2,Yes,No,0
186188,38,79792,321,10313,48,Self-Employed,Married,2,Yes,Yes,1
629036,50,65253,512,18598,36,Self-Employed,Married,0,Yes,No,0
842129,38,54051,609,33807,60,Self-Employed,Divorced,4,No,No,0
764795,51,69811,571,9887,24,Salaried,Married,2,Yes,No,0
890141,58,50447,501,8854,48,Salaried,Single,2,No,No,0
748249,52,148046,331,19536,12,Salaried,Married,2,Yes,No,0
130355,31,103930,742,8558,48,Unemployed,Married,4,Yes,No,0
811131,45,143278,461,14772,24,Salaried,Divorced,0,No,Yes,1
551015,53,120037,553,41343,36,Unemployed,Married,2,Yes,Yes,1
506332,58,50254,820,40186,12,Self-Employed,Divorced,3,Yes,No,0
256542,61,104045,779,41966,12,Self-Employed,Married,4,No,No,0
273416,28,136859,309,38769,36,Salaried,Single,1,No,No,0
405062,31,77418,804,44887,48,Self-Employed,Single,0,No,Yes,0
938656,42,134534,735,24229,60,Salaried,Divorced,3,Yes,No,0
663586,44,34472,410,14673,48,Unemployed,Divorced,2,Yes,No,1
601708,61,131193,452,32877,24,Self-Employed,Married,1,No,No,0
966651,37,23471,401,36601,60,Salaried,Married,0,No,Yes,1
161629,32,127332,490,43084,48,Self-Employed,Single,4,Yes,No,0
428184,52,140312,380,21244,36,Self-Employed,Married,1,Yes,Yes,1
592734,35,143379,788,32356,24,Salaried,Single,1,No,Yes,0
855195,36,115804,387,21806,24,Self-Employed,Divorced,3,No,No,0
390160,42,28329,493,28099,24,Self-Employed,Married,0,No,Yes,1
648248,48,54865,403,49641,60,Self-Employed,Divorced,3,No,Yes,1
920023,40,66850,395,42034,12,Self-Employed,Married,3,Yes,Yes,1
313920,53,74220,722,45317,60,Unemployed,Single,2,Yes,No,0
989765,30,132234,497,24094,48,Self-Employed,Divorced,4,Yes,Yes,1
342804,60,113808,300,15589,12,Self-Employed,Divorced,1,Yes,No,0
476965,52,128381,706,6657,48,Salaried,Married,0,No,No,0
560857,53,26397,677,37764,12,Unemployed,Divorced,4,Yes,No,1
922827,22,117909,466,44531,60,Salaried,Single,4,No,Yes,1
604492,53,149004,808,8164,24,Salaried,Divorced,0,Yes,No,0
753983,53,55525,612,32542,36,Salaried,Divorced,4,Yes,Yes,0
515916,61,73072,717,23437,24,Unemployed,Married,2,Yes,Yes,1
921052,33,110106,776,46247,60,Salaried,Divorced,4,No,Yes,1
858574,50,103820,372,43505,12,Salaried,Married,2,Yes,Yes,1
228148,53,104530,440,24601,24,Salaried,Married,1,No,No,0
906991,33,43284,561,33430,60,Self-Employed,Divorced,1,No,No,0
586261,46,81330,639,11009,48,Salaried,Single,3,Yes,Yes,0
455540,42,103369,607,9552,36,Unemployed,Married,2,No,No,0
292714,59,45122,544,14417,24,Unemployed,Divorced,1,Yes,No,1
831899,22,90553,814,46989,12,Self-Employed,Married,4,No,No,0
383876,58,101906,636,7671,48,Unemployed,Single,0,Yes,Yes,1
359747,59,114788,375,11519,60,Unemployed,Single,0,No,No,1
715650,46,82812,474,41730,36,Self-Employed,Married,2,No,Yes,1
523570,35,27999,408,17734,12,Salaried,Single,3,Yes,No,0
375987,54,42436,482,8722,60,Self-Employed,Divorced,4,Yes,Yes,1
738353,62,62963,491,9906,60,Salaried,Divorced,2,Yes,Yes,1
958158,64,22096,364,35096,24,Salaried,Married,0,Yes,Yes,1
117640,60,149940,773,45031,24,Unemployed,Single,2,No,No,0
152528,31,133737,399,18699,12,Self-Employed,Divorced,4,No,Yes,1
924845,23,45279,843,26438,60,Unemployed,Divorced,1,No,No,1
359214,26,141092,427,48856,24,Unemployed,Divorced,4,No,Yes,1
939070,29,128899,751,38576,36,Salaried,Married,1,Yes,No,0
601108,26,134245,668,46938,36,Unemployed,Married,1,No,Yes,1
734421,29,46201,342,37247,60,Self-Employed,Divorced,1,Yes,No,0
468501,59,39715,718,48461,24,Unemployed,Divorced,2,No,Yes,1
824226,51,49309,787,32938,12,Unemployed,Single,0,Yes,Yes,1
250159,52,35078,377,45469,12,Salaried,Single,2,Yes,Yes,1
272502,61,76614,569,22600,12,Self-Employed,Single,0,Yes,No,1
255576,32,25105,614,25435,36,Unemployed,Married,4,Yes,Yes,1
965291,28,137666,467,23581,24,Salaried,Divorced,3,Yes,Yes,1
986089,28,114848,638,19191,24,Unemployed,Married,4,No,Yes,1
111023,48,22839,492,24190,36,Self-Employed,Divorced,2,Yes,Yes,1
645735,40,88920,752,32386,12,Unemployed,Single,2,No,No,0
488043,27,63619,582,36721,12,Unemployed,Single,0,No,Yes,1
386103,31,62821,635,18704,60,Salaried,Single,2,Yes,Yes,0
166203,40,145736,689,7123,48,Unemployed,Single,1,No,No,0
260775,36,33493,824,30174,24,Salaried,Divorced,2,No,No,0
109337,24,37069,539,49301,24,Self-Employed,Single,0,No,No,1
670715,26,132443,782,19586,24,Unemployed,Divorced,0,Yes,Yes,1
614723,42,27531,757,36976,48,Self-Employed,Divorced,1,Yes,No,0
423673,46,57051,388,30416,60,Self-Employed,Married,0,Yes,No,1
464167,23,27736,394,6814,48,Unemployed,Single,3,Yes,No,1
446809,61,27710,751,18001,12,Salaried,Single,4,No,Yes,1
730075,62,87155,727,21508,12,Self-Employed,Married,2,No,Yes,0
787281,34,33975,450,24630,24,Self-Employed,Divorced,3,No,Yes,1
395451,31,82424,813,18380,36,Unemployed,Single,2,No,No,0
520571,38,65603,675,40699,24,Unemployed,Divorced,3,No,Yes,1
227016,32,43252,321,17317,36,Unemployed,Married,2,No,No,1
891267,43,100797,612,40739,48,Unemployed,Divorced,1,Yes,No,0
644447,32,21431,818,39785,12,Unemployed,Single,0,No,No,1
597562,33,94603,505,36980,36,Unemployed,Divorced,0,No,Yes,1
802965,45,57481,674,28799,48,Salaried,Divorced,1,No,No,0
483934,39,112573,750,40183,12,Self-Employed,Single,3,Yes,No,0
992048,56,29557,478,34166,36,Salaried,Single,4,No,Yes,1
965184,28,94971,509,24480,24,Salaried,Divorced,3,No,No,0
417428,49,123302,799,6609,24,Unemployed,Divorced,0,Yes,No,0
419187,52,20162,763,5717,24,Self-Employed,Married,4,No,No,0
790907,64,54742,423,24945,48,Salaried,Single,2,Yes,Yes,1
983439,38,39675,412,30592,24,Unemployed,Divorced,4,Yes,No,1
182844,26,93997,311,33141,60,Unemployed,Single,3,No,Yes,1
651820,38,37015,425,35009,12,Self-Employed,Married,1,No,Yes,1
265421,39,70057,630,11782,48,Salaried,Divorced,2,Yes,No,0
222402,42,52591,582,31536,24,Salaried,Divorced,3,No,No,0
218012,57,113583,439,38816,12,Salaried,Divorced,2,No,No,0
538661,52,146133,700,30933,36,Unemployed,Single,4,Yes,No,0
498929,61,120318,396,16618,24,Self-Employed,Married,0,Yes,Yes,1
680466,23,29833,816,13307,12,Self-Employed,Single,3,No,Yes,0
673695,48,27896,368,31671,60,Salaried,Divorced,1,Yes,No,1
563556,30,52972,417,45673,36,Unemployed,Married,4,No,Yes,1
675278,55,69733,358,47761,60,Salaried,Divorced,3,No,No,0
229473,49,140363,332,15338,12,Self-Employed,Divorced,1,No,No,0
578007,35,61800,617,43346,60,Unemployed,Single,3,No,No,0
944573,53,116044,349,11548,12,Salaried,Divorced,4,Yes,No,0
517009,27,25347,788,45149,12,Salaried,Married,3,No,Yes,1
418714,32,79063,318,26164,60,Unemployed,Divorced,2,Yes,Yes,1
326156,50,115850,496,32526,12,Self-Employed,Divorced,4,No,No,0
268964,41,22643,749,36222,24,Unemployed,Single,3,No,No,1
625303,51,60785,751,25176,12,Salaried,Married,0,Yes,Yes,0
161813,44,38681,588,7941,48,Salaried,Single,3,No,Yes,1
127712,40,70026,440,10695,12,Salaried,Divorced,2,Yes,Yes,1
724785,57,123864,383,44169,48,Salaried,Single,1,Yes,No,0
867214,24,35892,690,30553,12,Self-Employed,Single,1,No,Yes,1
212816,48,67299,514,43965,12,Self-Employed,Single,1,No,No,0
228778,64,37073,825,43218,60,Salaried,Single,0,No,No,0
686580,40,122304,514,30359,24,Self-Employed,Divorced,2,No,Yes,1
385977,44,50682,702,29816,24,Self-Employed,Divorced,4,Yes,No,0
235230,52,117798,427,13378,36,Self-Employed,Married,1,No,Yes,1
818040,61,146021,776,6881,60,Salaried,Single,2,No,No,0
906741,56,116894,703,44567,60,Unemployed,Single,3,No,No,1
369114,54,144302,328,18675,24,Unemployed,Married,0,No,No,1
434618,56,34289,637,9586,60,Unemployed,Single,2,No,No,0
932972,22,135359,660,30006,24,Salaried,Married,2,Yes,No,0
251456,35,27927,691,46198,60,Self-Employed,Divorced,4,No,No,1
904449,54,68330,517,27831,12,Self-Employed,Married,2,Yes,Yes,1
962312,56,86707,501,40113,24,Salaried,Single,4,No,Yes,1
205570,26,140279,316,21459,24,Salaried,Married,0,No,No,0
370846,59,97454,621,37443,48,Unemployed,Divorced,0,No,Yes,1
100404,62,127439,817,47316,60,Unemployed,Single,3,Yes,No,0
803286,32,124646,624,35595,60,Salaried,Divorced,4,No,Yes,0
374907,23,85428,711,10877,24,Unemployed,Divorced,4,Yes,Yes,1
773744,38,70601,617,44553,12,Self-Employed,Married,1,Yes,No,0
815460,60,97465,381,9922,12,Salaried,Divorced,1,No,Yes,1
984574,41,22539,773,9686,12,Salaried,Single,3,Yes,No,0
765220,35,122263,767,37766,60,Self-Employed,Divorced,0,No,Yes,0
335365,53,131487,724,19407,48,Self-Employed,Divorced,1,No,No,0
442786,55,42669,503,37006,24,Self-Employed,Married,2,Yes,Yes,1
150612,46,90968,686,36422,36,Unemployed,Divorced,0,No,No,0
910006,28,40644,397,17205,48,Salaried,Married,2,No,Yes,1
909956,56,38745,644,26054,36,Unemployed,Married,4,Yes,No,1
300244,50,140852,507,28527,48,Self-Employed,Single,0,Yes,Yes,1
897348,43,148081,813,23443,12,Unemployed,Single,3,Yes,No,0
104809,62,48228,465,21524,60,Self-Employed,Single,4,Yes,Yes,1
263273,64,138358,321,33202,36,Unemployed,Single,4,Yes,No,1
808690,34,54521,453,5016,48,Unemployed,Married,2,Yes,Yes,1
244528,34,142788,738,21848,60,Self-Employed,Divorced,4,No,No,0
606964,22,117239,594,25855,36,Unemployed,Single,1,Yes,No,1
549613,57,46928,518,23211,24,Salaried,Single,0,Yes,No,0
138765,25,38322,794,30095,48,Unemployed,Single,1,No,No,1
931538,58,77714,529,43724,24,Unemployed,Divorced,2,No,Yes,1
416076,61,107896,319,42583,12,Salaried,Single,2,Yes,Yes,1
943523,34,82292,447,7843,24,Self-Employed,Divorced,0,Yes,Yes,1
646237,59,49055,407,34301,24,Salaried,Married,4,No,No,1
301152,45,62891,702,31460,48,Unemployed,Married,3,Yes,No,1
399888,40,101912,782,36918,12,Self-Employed,Married,2,Yes,No,0
800903,22,26588,666,33747,24,Unemployed,Divorced,0,No,No,1
994751,59,110536,713,20972,60,Unemployed,Single,3,Yes,No,0
192193,26,26304,608,33310,36,Salaried,Single,4,No,Yes,1
136187,37,27345,433,27927,24,Salaried,Single,2,Yes,Yes,1
605950,45,49300,582,6094,12,Self-Employed,Single,0,No,Yes,1
238311,48,44259,372,43892,24,Self-Employed,Single,0,No,No,0
900921,22,111006,780,39172,36,Self-Employed,Divorced,0,No,No,0
608153,55,108553,651,28324,12,Unemployed,Married,2,Yes,No,0
289089,57,35352,625,25674,48,Salaried,Single,3,No,No,0
686165,25,149350,742,8982,12,Salaried,Married,0,Yes,No,0
536341,21,53365,399,20790,48,Salaried,Divorced,4,No,No,1
412066,60,39446,358,17205,12,Self-Employed,Divorced,0,No,No,0
718362,32,22336,807,29338,36,Salaried,Single,3,No,Yes,1
787409,56,82032,557,17748,36,Salaried,Divorced,2,Yes,Yes,1
661419,43,95415,712,26097,12,Salaried,Married,0,Yes,No,0
740053,51,117852,751,8092,24,Self-Employed,Single,0,No,No,0
960395,31,118876,364,27692,36,Salaried,Single,4,Yes,No,0
731172,30,27521,453,28862,48,Self-Employed,Married,4,Yes,Yes,1
225917,23,91707,565,29860,48,Salaried,Single,0,Yes,Yes,1
910717,34,43481,378,18971,60,Salaried,Single,0,No,No,0
399770,36,38474,614,19616,48,Salaried,Married,4,Yes,Yes,0
798168,30,66760,547,9933,60,Self-Employed,Single,3,No,Yes,1
581680,49,75718,713,9926,12,Self-Employed,Single,1,No,Yes,0
381342,30,64629,324,30763,12,Salaried,Married,1,No,No,0
639542,32,65232,583,8969,12,Unemployed,Divorced,0,Yes,Yes,1
144238,50,106544,748,40733,24,Self-Employed,Married,4,No,Yes,0
101252,61,87169,600,9319,24,Self-Employed,Single,2,Yes,No,0
926196,21,147941,367,46743,60,Salaried,Married,2,Yes,No,1
964141,25,70669,306,44876,48,Unemployed,Single,1,No,Yes,1
585450,40,98021,436,46909,48,Salaried,Single,3,No,No,0
415826,28,129153,463,25323,12,Self-Employed,Married,1,No,Yes,1
421638,63,89184,382,21428,36,Self-Employed,Single,0,Yes,Yes,1
705605,32,67945,719,39578,24,Salaried,Divorced,3,Yes,No,0
427359,21,33140,372,25950,24,Salaried,Single,2,No,No,1
702875,40,146468,536,48041,12,Unemployed,Married,4,No,Yes,1
106949,48,103457,345,46789,24,Unemployed,Divorced,4,Yes,No,1
863185,63,34357,561,23293,12,Self-Employed,Divorced,0,Yes,No,1
417537,57,131672,475,11364,60,Unemployed,Single,1,No,Yes,1
828913,57,88673,465,40349,48,Unemployed,Married,0,Yes,Yes,1
762301,32,141673,669,5691,36,Self-Employed,Single,4,Yes,Yes,0
650222,57,85633,353,35062,48,Self-Employed,Single,2,Yes,Yes,1
880722,64,96943,718,5931,48,Self-Employed,Married,4,Yes,Yes,0
555102,48,116111,806,36730,60,Self-Employed,Married,3,Yes,Yes,1
437889,35,98258,640,19226,24,Salaried,Single,4,Yes,No,0
576467,26,32924,426,18861,36,Self-Employed,Divorced,4,No,No,1
456600,64,89286,708,36301,24,Self-Employed,Single,3,Yes,Yes,1
415557,40,113269,666,27766,48,Self-Employed,Divorced,1,No,No,0
983671,34,147563,570,41174,12,Unemployed,Single,4,No,No,1
404462,22,94071,678,46107,48,Self-Employed,Married,0,Yes,Yes,1
350875,29,77326,372,22695,24,Salaried,Divorced,4,No,No,0
563389,57,110023,547,46347,48,Salaried,Married,0,No,No,0
170390,40,140101,342,8121,12,Self-Employed,Married,3,No,Yes,1
807689,46,50651,676,23257,60,Salaried,Married,4,Yes,No,0
353490,49,90202,340,33164,24,Unemployed,Married,3,No,No,1
667376,21,68777,469,30491,48,Self-Employed,Married,3,Yes,Yes,1
347940,55,36994,511,28165,24,Salaried,Single,1,No,No,1
465340,26,87263,792,8748,60,Salaried,Divorced,4,No,No,0
533027,57,79634,338,38045,48,Self-Employed,Single,0,No,No,0
608041,25,120158,668,31553,48,Salaried,Single,0,No,Yes,0
417623,53,30800,450,49331,24,Self-Employed,Single,4,Yes,Yes,1
316464,34,57823,410,35497,24,Salaried,Married,1,No,No,0
842729,32,128575,779,36308,12,Unemployed,Single,1,No,No,0
610736,62,83878,735,44560,60,Salaried,Divorced,1,Yes,Yes,0
906395,40,38708,346,15374,12,Salaried,Single,0,Yes,Yes,1
417267,44,32819,665,9675,48,Self-Employed,Married,3,Yes,No,0
750199,63,94905,368,6170,24,Salaried,Divorced,1,No,Yes,1
988900,54,83870,598,46449,48,Self-Employed,Divorced,0,Yes,No,0
323777,45,29283,595,48485,48,Unemployed,Divorced,0,Yes,No,1
959909,49,50573,502,17450,36,Self-Employed,Divorced,3,Yes,Yes,1
900820,59,98707,360,15680,36,Self-Employed,Single,4,Yes,Yes,1
105569,51,50933,613,15068,48,Salaried,Married,4,Yes,No,0
694124,63,25774,460,40230,24,Unemployed,Divorced,1,Yes,No,1
728861,43,92055,630,31206,48,Self-Employed,Divorced,1,No,Yes,0
529802,64,30983,827,5287,36,Salaried,Married,3,Yes,No,0
358090,58,116468,637,27337,24,Salaried,Single,1,No,Yes,1
767375,40,116334,603,25666,48,Self-Employed,Divorced,3,Yes,Yes,0
145002,43,38133,802,6161,60,Salaried,Single,0,Yes,Yes,0
871954,36,145555,637,40131,60,Self-Employed,Single,1,Yes,Yes,1
761614,62,34939,849,29535,48,Self-Employed,Single,0,No,Yes,1
779574,28,20781,574,37528,24,Self-Employed,Single,2,Yes,No,1
598870,41,134586,463,43751,48,Unemployed,Divorced,3,Yes,Yes,1
311791,21,76700,742,21527,48,Self-Employed,Divorced,2,Yes,Yes,1
302846,28,47624,618,45975,36,Salaried,Single,1,Yes,Yes,1
761450,49,26823,803,28853,60,Unemployed,Single,0,No,Yes,1
766997,52,38489,686,19758,36,Salaried,Married,1,No,Yes,0
777775,58,138555,793,5244,36,Unemployed,Married,2,No,Yes,1
124071,25,59961,789,8178,48,Unemployed,Married,1,No,Yes,1
682531,42,139664,372,36831,36,Unemployed,Divorced,4,No,No,1
994647,54,49118,808,7176,60,Unemployed,Married,2,Yes,No,1
272312,21,120417,689,42770,36,Salaried,Divorced,1,Yes,No,0
357218,46,101816,594,38654,60,Self-Employed,Divorced,0,Yes,No,1
314879,63,42263,668,31627,36,Salaried,Divorced,1,No,Yes,0
463714,30,33565,848,49910,60,Self-Employed,Divorced,0,Yes,No,0
526650,50,40354,486,29881,36,Salaried,Married,4,No,Yes,1
431868,38,62951,744,40422,36,Unemployed,Single,1,Yes,No,0
962129,37,111179,662,16984,24,Unemployed,Single,4,No,No,0
653020,46,43648,422,28776,60,Self-Employed,Single,2,Yes,Yes,1
745753,28,70729,487,22755,60,Self-Employed,Married,0,Yes,Yes,1
517170,60,61971,719,12135,60,Salaried,Single,2,Yes,No,0
157108,32,38658,551,5320,12,Self-Employed,Married,0,Yes,No,0
580721,47,41253,848,42422,36,Salaried,Married,4,No,No,0
211195,28,84166,634,33635,60,Self-Employed,Married,3,Yes,No,0
989513,45,68563,391,26684,12,Self-Employed,Single,1,Yes,Yes,1
136668,24,46390,829,28238,24,Self-Employed,Single,4,Yes,No,0
385205,53,108664,362,26889,60,Unemployed,Single,0,No,No,1
441396,21,71578,811,35313,60,Unemployed,Divorced,0,Yes,No,1
664037,39,99025,438,37535,12,Salaried,Married,0,Yes,No,0
230560,51,123850,484,15770,36,Self-Employed,Divorced,0,Yes,No,0
466824,36,52658,504,44321,24,Salaried,Married,1,Yes,Yes,1
247979,34,26852,513,25426,60,Self-Employed,Single,2,Yes,Yes,1
249849,25,147282,555,49327,36,Unemployed,Married,3,No,Yes,1
848589,61,114986,434,46777,24,Unemployed,Married,1,No,Yes,1
151745,46,22551,387,12498,48,Self-Employed,Divorced,0,No,Yes,1
470608,48,91947,506,44404,48,Self-Employed,Married,1,Yes,No,0
191865,22,81001,428,45130,24,Unemployed,Single,4,No,Yes,1
998860,26,69159,302,21395,12,Unemployed,Married,0,Yes,Yes,1
312890,29,142775,420,7537,24,Salaried,Married,3,Yes,No,0
123624,53,71707,684,24226,24,Unemployed,Married,0,Yes,Yes,1
123321,61,53243,337,20216,12,Self-Employed,Divorced,3,Yes,Yes,1
503704,45,41800,640,23613,12,Salaried,Married,3,No,Yes,1
909006,33,95939,320,8009,36,Self-Employed,Married,2,No,Yes,1
274293,29,77828,541,29368,36,Salaried,Divorced,2,No,No,0
883415,33,27239,754,34327,12,Self-Employed,Divorced,1,Yes,No,0
286717,51,26710,602,19209,48,Unemployed,Divorced,1,No,Yes,1
480975,61,41384,368,20029,48,Self-Employed,Divorced,3,No,No,1
283868,31,41038,428,7077,24,Salaried,Single,0,Yes,Yes,1
759792,24,60846,495,18907,60,Self-Employed,Single,4,No,No,1
195257,54,107983,439,41635,24,Salaried,Married,4,Yes,No,0
688579,58,87821,743,9873,24,Self-Employed,Single,0,No,No,0
310176,24,57991,582,13635,60,Unemployed,Married,0,No,No,1
290471,58,99057,611,38065,12,Unemployed,Single,2,No,No,0
572930,39,133193,834,46804,48,Self-Employed,Divorced,4,Yes,No,0
936860,26,26971,576,38783,24,Self-Employed,Divorced,3,No,No,1
843091,54,49139,360,39152,60,Self-Employed,Single,1,No,No,0
618862,38,105445,618,46513,36,Salaried,Single,2,No,No,0
575774,33,97067,351,34092,24,Self-Employed,Married,4,No,No,1
735605,61,100257,452,22653,48,Self-Employed,Married,0,Yes,No,0
239789,43,104742,610,37463,12,Salaried,Married,4,Yes,Yes,0
489593,39,57711,843,39028,24,Unemployed,Divorced,3,No,No,1
915131,31,26530,688,45469,24,Self-Employed,Divorced,2,No,Yes,1
173686,21,31116,847,25947,60,Self-Employed,Divorced,0,No,No,1
167661,44,85794,476,34978,36,Unemployed,Divorced,3,Yes,Yes,1
668535,27,20282,661,27056,36,Unemployed,Married,1,No,Yes,1
345121,45,99473,613,34007,12,Salaried,Divorced,2,No,Yes,0
772108,41,21898,396,48169,48,Self-Employed,Divorced,3,Yes,No,1
467257,35,24135,512,49632,12,Self-Employed,Divorced,3,Yes,No,1
366765,21,26629,436,10543,24,Salaried,Divorced,0,Yes,No,0
246106,32,129472,305,26067,24,Unemployed,Single,1,No,No,1
358930,27,145147,408,30097,36,Salaried,Married,3,Yes,Yes,1
760482,35,105120,846,47847,48,Unemployed,Married,2,Yes,No,0
904462,41,139798,338,48512,60,Salaried,Divorced,3,No,No,0
969270,39,109087,724,8809,48,Unemployed,Single,4,Yes,No,1
971149,49,85031,560,27191,24,Salaried,Married,2,No,No,0
548874,45,53380,725,26267,60,Unemployed,Married,2,No,No,0
662926,53,149951,386,12206,48,Unemployed,Divorced,3,Yes,No,1
953499,52,132507,764,26057,48,Unemployed,Divorced,0,No,No,0
218033,55,37071,375,33992,60,Unemployed,Married,2,Yes,No,1
730265,64,40074,770,20995,24,Unemployed,Married,4,Yes,Yes,1
713157,58,110724,713,49439,48,Self-Employed,Single,0,Yes,Yes,0
729474,46,87843,756,18210,60,Unemployed,Married,0,No,No,0
921106,31,59901,584,22793,24,Self-Employed,Married,0,Yes,No,0
266926,55,31205,538,31270,60,Unemployed,Divorced,2,No,No,1
670559,28,75661,671,10197,60,Self-Employed,Married,0,No,No,0
960120,34,144661,794,12452,48,Self-Employed,Divorced,3,No,Yes,0
531734,30,25906,344,46486,24,Salaried,Married,0,Yes,Yes,1
473220,22,22591,700,19859,48,Unemployed,Married,4,No,No,1
765627,29,145576,546,32236,12,Salaried,Married,1,No,Yes,1
321897,23,82987,749,36899,12,Salaried,Single,4,Yes,Yes,1
101062,41,83370,784,37083,24,Unemployed,Divorced,2,Yes,No,0
347736,46,100685,317,7172,60,Salaried,Single,0,No,No,1
674736,28,130454,588,21663,48,Unemployed,Married,0,No,No,1
195462,22,125487,713,32540,48,Salaried,Single,3,Yes,Yes,1
499445,26,74400,534,24053,24,Unemployed,Divorced,0,No,Yes,1
550009,48,45150,715,16085,24,Unemployed,Married,4,No,No,1
870173,49,51852,798,35564,12,Unemployed,Single,2,No,No,0
672203,46,62870,414,29209,36,Self-Employed,Single,1,No,Yes,1
366776,45,139796,533,8981,24,Salaried,Divorced,0,Yes,Yes,1
728880,32,72756,839,26153,36,Self-Employed,Single,1,No,No,0
758956,25,135357,310,10247,24,Salaried,Divorced,0,Yes,Yes,1
471923,54,139052,505,15553,60,Salaried,Married,2,No,No,0
499384,57,76481,546,25811,60,Salaried,Married,4,Yes,No,0
732387,35,21283,426,34845,12,Self-Employed,Single,2,No,Yes,1
631849,64,53691,446,11135,12,Salaried,Married,1,Yes,Yes,1
567010,56,21125,417,10573,36,Self-Employed,Married,0,No,Yes,1
706440,35,87065,681,18731,24,Unemployed,Single,1,Yes,No,0
749324,63,148734,711,12189,48,Salaried,Married,4,No,No,0
486193,43,46170,662,19541,12,Salaried,Single,2,No,No,0
126734,26,28438,808,48646,48,Unemployed,Divorced,1,Yes,No,1
126069,64,40095,436,16087,48,Unemployed,Divorced,1,Yes,No,1
835265,63,36154,474,7776,24,Salaried,Divorced,4,Yes,No,1
637198,41,28004,588,47079,36,Unemployed,Single,0,Yes,Yes,1
435623,43,29752,780,32564,24,Self-Employed,Single,1,Yes,No,0
570951,63,75426,318,33835,12,Self-Employed,Married,4,No,No,0
181264,36,128896,494,12697,48,Salaried,Married,0,Yes,No,0
123275,35,46819,629,19629,24,Self-Employed,Married,0,Yes,No,0
696562,45,122168,474,13386,24,Self-Employed,Married,2,No,Yes,1
574665,56,112051,748,22046,24,Salaried,Married,4,Yes,No,0
462920,31,147905,653,13044,12,Unemployed,Single,0,Yes,Yes,1
291076,35,44217,798,14615,36,Salaried,Single,2,Yes,Yes,0
294053,24,145949,440,10060,24,Self-Employed,Divorced,3,No,No,0
809913,41,108708,392,15900,12,Salaried,Divorced,4,Yes,No,0
672735,33,52994,538,10581,48,Salaried,Divorced,3,No,Yes,1
699991,42,35036,504,39782,60,Self-Employed,Divorced,0,No,Yes,1
962522,39,97275,732,25173,12,Self-Employed,Single,4,Yes,No,0
903692,54,117756,544,17997,60,Salaried,Single,2,No,Yes,1
212581,34,69416,616,48403,24,Self-Employed,Single,0,Yes,No,0
365956,24,29587,594,12148,24,Self-Employed,Married,4,Yes,No,1
521240,47,130053,581,23748,12,Self-Employed,Married,4,Yes,Yes,1
814016,49,115665,316,19022,60,Self-Employed,Divorced,3,Yes,No,0
216421,48,20645,370,25013,24,Self-Employed,Married,0,Yes,No,1
625893,55,50930,568,43687,48,Self-Employed,Single,2,No,No,0
564374,28,101835,624,20886,36,Unemployed,Divorced,2,No,Yes,1
172303,36,142232,604,30256,36,Salaried,Divorced,0,No,Yes,0
258211,62,50090,750,35005,24,Self-Employed,Married,0,No,Yes,0
287210,56,107489,306,11638,60,Salaried,Divorced,1,Yes,No,0
886237,50,72142,613,42419,24,Unemployed,Married,3,Yes,Yes,1
962557,38,131979,402,38377,60,Self-Employed,Married,0,No,Yes,1
244990,22,46475,492,45708,48,Salaried,Divorced,0,Yes,Yes,1
258518,33,38888,828,48116,60,Self-Employed,Married,1,No,No,0
224040,24,63732,470,41634,24,Self-Employed,Married,1,No,No,1
768406,46,101623,836,21755,48,Self-Employed,Married,4,No,Yes,0
623138,45,66305,550,28382,12,Self-Employed,Married,2,No,Yes,1
518034,50,66037,686,27394,36,Self-Employed,Divorced,3,Yes,Yes,0
856254,31,29346,506,7253,24,Self-Employed,Single,4,Yes,No,1
890756,27,20587,840,42710,24,Self-Employed,Single,0,No,Yes,1
962755,51,32763,715,5864,24,Unemployed,Married,1,No,No,0
895543,64,79165,679,39036,48,Unemployed,Married,2,No,No,0
640677,30,127481,443,45222,12,Self-Employed,Married,4,No,No,0
746465,59,89615,324,18666,60,Self-Employed,Single,2,No,Yes,1
403571,33,56116,372,25955,12,Unemployed,Married,1,Yes,Yes,1
784106,51,140987,392,42997,48,Unemployed,Divorced,4,No,No,1
222883,27,105751,804,21309,24,Unemployed,Divorced,4,No,No,0
843246,62,111353,635,9054,36,Self-Employed,Divorced,2,Yes,No,0
862501,62,110301,724,5935,24,Salaried,Single,1,Yes,No,0
487952,56,115648,798,49940,60,Salaried,Married,0,Yes,Yes,0
212221,40,45556,663,27778,36,Salaried,Married,4,Yes,Yes,1
899666,24,79042,498,48298,24,Salaried,Married,0,Yes,No,1
360669,27,38099,712,21709,36,Self-Employed,Single,1,Yes,No,0
859224,21,129089,638,14726,12,Salaried,Single,4,Yes,No,0
939873,64,65096,728,45542,48,Unemployed,Single,4,Yes,Yes,1
625134,62,91986,438,25245,24,Unemployed,Single,0,Yes,No,1
635242,33,33230,841,39753,60,Salaried,Divorced,3,No,Yes,1
441383,42,49009,356,19252,12,Unemployed,Single,0,Yes,No,1
344761,41,90969,531,26316,24,Self-Employed,Single,0,No,Yes,1
932946,42,53866,734,42371,12,Salaried,Single,3,No,Yes,0
974668,48,125400,683,24162,60,Salaried,Married,1,No,No,0
984011,29,104246,493,20960,24,Self-Employed,Married,1,No,Yes,1
237541,46,96975,833,35791,60,Unemployed,Married,4,No,Yes,1
928533,29,61855,817,47230,36,Self-Employed,Divorced,2,No,Yes,0
164323,35,101557,484,30216,60,Self-Employed,Divorced,2,No,Yes,1
716210,30,26416,591,37467,36,Unemployed,Single,4,No,No,1
289139,44,92516,634,12754,24,Self-Employed,Married,2,Yes,No,0
280448,62,75915,415,9078,36,Unemployed,Divorced,0,No,No,1
800947,28,38058,348,17853,24,Unemployed,Married,0,No,No,1
